{
    "loss": 4.635880470275879,
    "accuracy": 0.6043165326118469
}