{
    "loss": 0.036908525973558426,
    "accuracy": 0.9784172773361206
}